url,slug,title,description,h1,category,tags,published_date,modified_or_reviewed_date,approx_visible_chars,internal_links,external_citations,body_images,missing_alt,structured_data,canonical,related_content,cta,status
https://quest-dp.com/blog/adsp-vs-sqld-순서/,adsp-vs-sqld-순서,"ADsP vs SQLD — 어떤 거 먼저 따야 할까","ADsP와 SQLD 중 무엇부터 시작할지 헷갈리는 사람을 위해 출제범위, 공부 부담, 진로별 선택 기준을 쉽게 비교합니다.","ADsP vs SQLD — 어떤 거 먼저 따야 할까",comparison,"ADsP|SQLD|자격증 비교",2026-05-04,2026-08-24,3515,10,1,0,0,"Article|FAQPage|BreadcrumbList",YES,YES,YES,UPDATED_LOCAL_NOT_DEPLOYED
https://quest-dp.com/blog/adsp-2주-합격-로드맵/,adsp-2주-합격-로드맵,"ADsP 2주 공부 순서 — 비전공자가 덜 헤매는 14일","ADsP를 2주 안에 준비해야 하는 비전공자를 위해 하루 2시간 기준 공부 순서, 과목별 우선순위, 마지막 기출 복습법을 안내합니다.","ADsP 2주 공부 순서 — 비전공자가 덜 헤매는 14일",roadmap,"ADsP|2주|공부 순서",2026-05-04,2026-08-24,2774,9,0,0,0,"Article|FAQPage|BreadcrumbList",YES,YES,YES,UPDATED_LOCAL_NOT_DEPLOYED
https://quest-dp.com/blog/sqld-노랭이-vs-questdp/,sqld-노랭이-vs-questdp,"SQLD 노랭이와 QuestDP — 언제 무엇을 보면 좋을까","SQLD 노랭이 문제집과 QuestDP를 경쟁시키기보다, 개념 첫 회독과 기출 반복에서 각각 언제 쓰면 좋은지 나눠 봅니다.","SQLD 노랭이와 QuestDP — 언제 무엇을 보면 좋을까",comparison,"SQLD|노랭이|교재",2026-05-04,2026-08-24,2503,8,0,0,0,"Article|FAQPage|BreadcrumbList",YES,YES,YES,UPDATED_LOCAL_NOT_DEPLOYED
https://quest-dp.com/blog/adsp-비전공자-가이드/,adsp-비전공자-가이드,"비전공자 ADsP 공부법 — 통계·R이 처음이라면","통계와 R을 처음 보는 비전공자를 위한 ADsP 공부 순서. 1·2과목으로 말문을 트고 3과목을 덜 막히게 보는 방법을 안내합니다.","비전공자 ADsP 공부법 — 통계·R이 처음이라면",guide,"ADsP|비전공자|독학",2026-05-04,2026-08-24,3426,9,0,0,0,"Article|FAQPage|BreadcrumbList",YES,YES,YES,UPDATED_LOCAL_NOT_DEPLOYED
https://quest-dp.com/blog/sqld-7일-압축-로드맵/,sqld-7일-압축-로드맵,"SQLD 7일 공부 순서 — 시험이 가까울 때 보는 플랜","SQLD 시험까지 1주 남았을 때 볼 공부 순서. 매일 3시간 기준으로 SQL 기본, JOIN, 서브쿼리, 기출 복습을 어떻게 나눌지 안내합니다.","SQLD 7일 공부 순서 — 시험이 가까울 때 보는 플랜",roadmap,"SQLD|7일|벼락치기",2026-05-11,2026-08-24,2697,8,0,0,0,"Article|FAQPage|BreadcrumbList",YES,YES,YES,UPDATED_LOCAL_NOT_DEPLOYED
https://quest-dp.com/blog/adsp-독학-vs-인강/,adsp-독학-vs-인강,"ADsP 독학 vs 인강 — 처음이면 어디에 돈을 써야 할까","ADsP를 독학으로 할지 인강을 들을지 고민하는 사람을 위해 비용, 시간, 비전공자 상황별 선택 기준을 쉽게 비교합니다.","ADsP 독학 vs 인강 — 처음이면 어디에 돈을 써야 할까",comparison,"ADsP|독학|인강",2026-05-11,2026-08-24,2466,10,0,0,0,"Article|FAQPage|BreadcrumbList",YES,YES,YES,UPDATED_LOCAL_NOT_DEPLOYED
https://quest-dp.com/blog/comhwal-1급-vs-2급/,comhwal-1급-vs-2급,"컴활 1급 vs 2급 — 처음이면 어디부터 볼까","컴활 1급과 2급 차이를 과목 수, 문항 수, 난이도, 추천 상황으로 비교합니다. 처음 준비한다면 어떤 급수부터 시작할지 빠르게 판단해 보세요.","컴활 1급 vs 2급 — 처음이면 어디부터 볼까",comparison,"컴활|1급|2급|비교",2026-06-04,2026-06-12,1427,9,0,0,0,"Article|FAQPage|BreadcrumbList",YES,YES,YES,LIVE
https://quest-dp.com/blog/comhwal-필기-비전공자-공부법/,comhwal-필기-비전공자-공부법,"컴활 필기 비전공자 공부법 — 용어부터 막히는 사람에게","컴활 필기 비전공자 공부법. 컴퓨터 일반 용어부터 스프레드시트, 1급 데이터베이스까지 노베이스가 덜 막히는 순서로 안내합니다.","컴활 필기 비전공자 공부법 — 용어부터 막히는 사람에게",guide,"컴활|필기|비전공자",2026-06-04,2026-06-12,1364,11,0,0,0,"Article|FAQPage|BreadcrumbList",YES,YES,YES,LIVE
https://quest-dp.com/blog/comhwal-컴퓨터-일반-우선순위/,comhwal-컴퓨터-일반-우선순위,"컴활 컴퓨터 일반 우선순위 — 001~059를 덜 막히게 보는 법","컴활 컴퓨터 일반 001~059 우선순위. Windows 기본, 하드웨어, 인터넷, 보안을 노베이스가 덜 막히는 순서로 공부하는 방법입니다.","컴활 컴퓨터 일반 우선순위 — 001~059를 덜 막히게 보는 법",roadmap,"컴활|컴퓨터 일반|우선순위",2026-06-04,2026-06-12,1496,9,0,0,0,"Article|FAQPage|BreadcrumbList",YES,YES,YES,LIVE
https://quest-dp.com/blog/comhwal-필기에서-실기-전환법/,comhwal-필기에서-실기-전환법,"컴활 필기에서 실기 전환법 — 합격 후 바로 손으로 옮기는 순서","컴활 필기에서 실기로 넘어가는 순서. 필기 개념을 엑셀·액세스 화면 조작으로 옮기는 첫날 루틴을 안내합니다.","컴활 필기에서 실기 전환법 — 합격 후 바로 손으로 옮기는 순서",guide,"컴활|필기|실기",2026-06-04,2026-06-12,1451,10,0,0,0,"Article|FAQPage|BreadcrumbList",YES,YES,YES,LIVE
https://quest-dp.com/blog/comhwal-7일-필기-플랜/,comhwal-7일-필기-플랜,"컴활 필기 7일 플랜 — 노베이스가 첫 바퀴 도는 순서","컴활 필기 7일 공부 플랜. 노베이스가 컴퓨터 일반, 스프레드시트, 1급 데이터베이스를 첫 회독하는 순서를 안내합니다.","컴활 필기 7일 플랜 — 노베이스가 첫 바퀴 도는 순서",roadmap,"컴활|필기|7일",2026-06-04,2026-06-12,1487,16,0,0,0,"Article|FAQPage|BreadcrumbList",YES,YES,YES,LIVE
https://quest-dp.com/blog/comhwal-기출-복습법/,comhwal-기출-복습법,"컴활 기출 복습법 — 많이 푸는 것보다 다시 안 틀리는 법","컴활 기출 복습법. 회차를 많이 푸는 대신 틀린 선지를 토픽, 개념 카드, 체크 문제로 되돌려 다시 안 틀리는 방법입니다.","컴활 기출 복습법 — 많이 푸는 것보다 다시 안 틀리는 법",guide,"컴활|기출|복습",2026-06-04,2026-06-12,1365,11,0,0,0,"Article|FAQPage|BreadcrumbList",YES,YES,YES,LIVE
